{

"images": [
    "background.png"
],

"framerate": 60,
"frames": [
    [0, 0, 32, 32, 0, 0, 0],
    [32, 0, 32, 32, 0, 0, 0],
    [64, 0, 32, 32, 0, 0, 0],
    [96, 0, 32, 32, 0, 0, 0],
    [128, 0, 32, 32, 0, 0, 0],
    [160, 0, 32, 32, 0, 0, 0],
    [192, 0, 32, 32, 0, 0, 0],
    [224, 0, 32, 32, 0, 0, 0],
    [256, 0, 32, 32, 0, 0, 0]
],

"animations": {
    "BG": { "frames": [0, 1, 2, 3, 4, 5, 6, 7, 8] }
},

"texturepacker": [
        "SmartUpdateHash: $TexturePacker:SmartUpdate:37ed8f2dff07d76c005c89587056a3f8:e370718edd605dfe1471e1b17fbe72a6:1eabdf11f75e3a4fe3147baf7b5be24b$",
        "Created with TexturePacker (https://www.codeandweb.com/texturepacker) for EaselJS"
]

}
