{

"images": [
    "foreground.png"
],

"framerate": 60,
"frames": [
    [0, 0, 32, 32, 0, 0, 0],
    [32, 0, 32, 32, 0, 0, 0],
    [64, 0, 32, 32, 0, 0, 0],
    [96, 0, 32, 32, 0, 0, 0],
    [128, 0, 32, 32, 0, 0, 0],
    [160, 0, 32, 32, 0, 0, 0],
    [192, 0, 32, 32, 0, 0, 0],
    [224, 0, 32, 32, 0, 0, 0],
    [256, 0, 32, 32, 0, 0, 0],
    [288, 0, 32, 32, 0, 0, 0],
    [320, 0, 32, 32, 0, 0, 0],
    [352, 0, 15, 14, 0, -8, 0],
    [367, 0, 25, 23, 0, -3, -4],
    [392, 0, 20, 28, 0, -6, 0],
    [412, 0, 32, 32, 0, 0, 0],
    [444, 0, 32, 32, 0, 0, 0],
    [476, 0, 30, 27, 0, -2, -5],
    [506, 0, 31, 27, 0, 0, -5],
    [537, 0, 12, 28, 0, -20, 0],
    [549, 0, 13, 26, 0, 0, 0],
    [562, 0, 32, 32, 0, 0, 0],
    [594, 0, 32, 32, 0, 0, 0],
    [626, 0, 32, 32, 0, 0, 0]
],

"animations": {
    "FG": { "frames": [0, 1, 2, 3, 4, 5, 6, 7, 8, 9, 10, 11, 12, 13, 14, 15, 16, 17, 18, 19, 20, 21, 22] }
},

"texturepacker": [
        "SmartUpdateHash: $TexturePacker:SmartUpdate:e19b2b144600c4e6a23c671ff29051cd:02dfae526d5bef4d5590f84db51994db:20b5906f0bac1da75cd96cd822731771$",
        "Created with TexturePacker (https://www.codeandweb.com/texturepacker) for EaselJS"
]

}
